Name,Price,Category
Spaghetti 500g EXTRA,"90,00 د.ج",Pâtes et Couscous
Spaghetti 500g EXTRA,"90,00 د.ج",Pâtes et Couscous
FUSILLI 500g Garrido,"115,00 د.ج",Pâtes et Couscous
FUSILLI 500g Garrido,"115,00 د.ج",Pâtes et Couscous
NIDI 500G محبوبة,"180,00 د.ج",Pâtes et Couscous
NIDI 500G محبوبة,"180,00 د.ج",Pâtes et Couscous
GNOCCHETTI  500G البركة,"110,00 د.ج",Pâtes et Couscous
GNOCCHETTI  500G البركة,"110,00 د.ج",Pâtes et Couscous
CHAKHCHOUKHA 500G البركة,"110,00 د.ج",Pâtes et Couscous
CHAKHCHOUKHA 500G البركة,"110,00 د.ج",Pâtes et Couscous
LASAGNE 500G البركة,"300,00 د.ج",Pâtes et Couscous
LASAGNE 500G البركة,"300,00 د.ج",Pâtes et Couscous
FLAMINGO 500G البركة,"85,00 د.ج",Pâtes et Couscous
FLAMINGO 500G البركة,"85,00 د.ج",Pâtes et Couscous
PLOMB 500G البركة,"90,00 د.ج",Pâtes et Couscous
PLOMB 500G البركة,"90,00 د.ج",Pâtes et Couscous
COUSCOUS GROS 1KG البركة,"170,00 د.ج",Pâtes et Couscous
COUSCOUS GROS 1KG البركة,"170,00 د.ج",Pâtes et Couscous
COUSCOUS MOYEN 1KG البركة,"170,00 د.ج",Pâtes et Couscous
COUSCOUS MOYEN 1KG البركة,"170,00 د.ج",Pâtes et Couscous
COUSCOUS FIN  1KG البركة,"170,00 د.ج",Pâtes et Couscous
COUSCOUS FIN  1KG البركة,"170,00 د.ج",Pâtes et Couscous
SPAGHETTI 7 500G البركة,"85,00 د.ج",Pâtes et Couscous
SPAGHETTI 7 500G البركة,"85,00 د.ج",Pâtes et Couscous
COUDE N4 500G البركة,"90,00 د.ج",Pâtes et Couscous
COUDE N4 500G البركة,"90,00 د.ج",Pâtes et Couscous
VERMICELLE 500G البركة,"90,00 د.ج",Pâtes et Couscous
VERMICELLE 500G البركة,"90,00 د.ج",Pâtes et Couscous
COQUILLETTES 500G البركة,"85,00 د.ج",Pâtes et Couscous
COQUILLETTES 500G البركة,"85,00 د.ج",Pâtes et Couscous
SPAGHETTI 500G SAFINA,"90,00 د.ج",Pâtes et Couscous
SPAGHETTI 500G SAFINA,"90,00 د.ج",Pâtes et Couscous
LANGUES D’OISEAUX 500g Safina,"90,00 د.ج",Pâtes et Couscous
LANGUES D’OISEAUX 500g Safina,"90,00 د.ج",Pâtes et Couscous
VERMICELLES 500g Safina,"90,00 د.ج",Pâtes et Couscous
VERMICELLES 500g Safina,"90,00 د.ج",Pâtes et Couscous
COUDES 8 Safina 500g,"90,00 د.ج",Pâtes et Couscous
COUDES 8 Safina 500g,"90,00 د.ج",Pâtes et Couscous
COUDES 6 Safina 500g,"90,00 د.ج",Pâtes et Couscous
COUDES 6 Safina 500g,"90,00 د.ج",Pâtes et Couscous
COUDES 4 Safina 500g,"90,00 د.ج",Pâtes et Couscous
COUDES 4 Safina 500g,"90,00 د.ج",Pâtes et Couscous
COUSCOUS GROS 1KG عمور,"140,00 د.ج",Pâtes et Couscous
COUSCOUS GROS 1KG عمور,"140,00 د.ج",Pâtes et Couscous
COUSCOUS MOYEN 1KG عمور,"140,00 د.ج",Pâtes et Couscous
COUSCOUS MOYEN 1KG عمور,"140,00 د.ج",Pâtes et Couscous
MACCARONI 4 EXTRA 500G,"95,00 د.ج",Pâtes et Couscous
MACCARONI 4 EXTRA 500G,"95,00 د.ج",Pâtes et Couscous
ESCARGOT 500G EXTRA,"95,00 د.ج",Pâtes et Couscous
ESCARGOT 500G EXTRA,"95,00 د.ج",Pâtes et Couscous
PLOMBS 1 KG AMOR BENAMOR,"150,00 د.ج",Pâtes et Couscous
PLOMBS 1 KG AMOR BENAMOR,"150,00 د.ج",Pâtes et Couscous
COUSCOUS MOYEN 1KG AMOR BENAMOR,"180,00 د.ج",Pâtes et Couscous
COUSCOUS MOYEN 1KG AMOR BENAMOR,"180,00 د.ج",Pâtes et Couscous
COUSCOUS GROS 1KG Safina,"185,00 د.ج",Pâtes et Couscous
COUSCOUS GROS 1KG Safina,"185,00 د.ج",Pâtes et Couscous
LINGUINE 500G Sosémie,"85,00 د.ج",Pâtes et Couscous
LINGUINE 500G Sosémie,"85,00 د.ج",Pâtes et Couscous
CHAKHCHOUKHA 1KG MAMA,"250,00 د.ج",Pâtes et Couscous
CHAKHCHOUKHA 1KG MAMA,"250,00 د.ج",Pâtes et Couscous
Penné aux Légumes 400G محبوبة,"145,00 د.ج",Pâtes et Couscous
Penné aux Légumes 400G محبوبة,"145,00 د.ج",Pâtes et Couscous
ACHKAL 500G محبوبة,"55,00 د.ج",Pâtes et Couscous
ACHKAL 500G محبوبة,"55,00 د.ج",Pâtes et Couscous
SPAGHETTI au Blé Complet 500G محبوبة,"100,00 د.ج",Pâtes et Couscous
SPAGHETTI au Blé Complet 500G محبوبة,"100,00 د.ج",Pâtes et Couscous
NOUILLES Carrés 500G تريدة محبوبة,"65,00 د.ج",Pâtes et Couscous
NOUILLES Carrés 500G تريدة محبوبة,"65,00 د.ج",Pâtes et Couscous
Grand ESCARGOT 500G محبوبة,"65,00 د.ج",Pâtes et Couscous
Grand ESCARGOT 500G محبوبة,"65,00 د.ج",Pâtes et Couscous
NOUILLES 500G محبوبة,"65,00 د.ج",Pâtes et Couscous
NOUILLES 500G محبوبة,"65,00 د.ج",Pâtes et Couscous
SPAGHETTI 500G محبوبة,"65,00 د.ج",Pâtes et Couscous
SPAGHETTI 500G محبوبة,"65,00 د.ج",Pâtes et Couscous
Petit PLOMB 500G محبوبة,"65,00 د.ج",Pâtes et Couscous
Petit PLOMB 500G محبوبة,"65,00 د.ج",Pâtes et Couscous
FUSILLI 500G محبوبة,"65,00 د.ج",Pâtes et Couscous
FUSILLI 500G محبوبة,"65,00 د.ج",Pâtes et Couscous
COUSCOUS FIN SIM 1KG,"135,00 د.ج",Pâtes et Couscous
COUSCOUS FIN SIM 1KG,"135,00 د.ج",Pâtes et Couscous
COUSCOUS FIN Safina 1KG,"170,00 د.ج",Pâtes et Couscous
COUSCOUS FIN Safina 1KG,"170,00 د.ج",Pâtes et Couscous
COUSCOUS MOYEN Safina 1KG,"170,00 د.ج",Pâtes et Couscous
COUSCOUS MOYEN Safina 1KG,"170,00 د.ج",Pâtes et Couscous
LINGUINE MAMA 500G,"95,00 د.ج",Pâtes et Couscous
LINGUINE MAMA 500G,"95,00 د.ج",Pâtes et Couscous
PLOMB MAMA 500G,"90,00 د.ج",Pâtes et Couscous
PLOMB MAMA 500G,"90,00 د.ج",Pâtes et Couscous
COUDE PETIT MAMA 500G,"90,00 د.ج",Pâtes et Couscous
COUDE PETIT MAMA 500G,"90,00 د.ج",Pâtes et Couscous
COUSCOUS GROS MAMA 1KG,"175,00 د.ج",Pâtes et Couscous
COUSCOUS GROS MAMA 1KG,"175,00 د.ج",Pâtes et Couscous
COUSCOUS D’ORGE MAMA 900G,"230,00 د.ج",Pâtes et Couscous
COUSCOUS D’ORGE MAMA 900G,"230,00 د.ج",Pâtes et Couscous
COUSCOUS MOYEN MAMA 1KG,"175,00 د.ج",Pâtes et Couscous
COUSCOUS MOYEN MAMA 1KG,"175,00 د.ج",Pâtes et Couscous
COUSCOUS COMPLET MAMA 900G,"160,00 د.ج",Pâtes et Couscous
COUSCOUS COMPLET MAMA 900G,"160,00 د.ج",Pâtes et Couscous
COUDE MOYEN MAMA 500G,"95,00 د.ج",Pâtes et Couscous
COUDE MOYEN MAMA 500G,"95,00 د.ج",Pâtes et Couscous
TLITLI SIM 500G,"60,00 د.ج",Pâtes et Couscous
TLITLI SIM 500G,"60,00 د.ج",Pâtes et Couscous
VERMICELLE  SIM 500G,"60,00 د.ج",Pâtes et Couscous
VERMICELLE  SIM 500G,"60,00 د.ج",Pâtes et Couscous
SPAGHETTI  SIM 500G,"60,00 د.ج",Pâtes et Couscous
SPAGHETTI  SIM 500G,"60,00 د.ج",Pâtes et Couscous
COUSCOUS MOYEN 1KG SIM,"135,00 د.ج",Pâtes et Couscous
COUSCOUS MOYEN 1KG SIM,"135,00 د.ج",Pâtes et Couscous
COUDE GARRIDO CURVE LISCE 3,"115,00 د.ج",Pâtes et Couscous
COUDE GARRIDO CURVE LISCE 3,"115,00 د.ج",Pâtes et Couscous
FARFALLE EXTRA 500G,"155,00 د.ج",Pâtes et Couscous
FARFALLE EXTRA 500G,"155,00 د.ج",Pâtes et Couscous
INTEGRALE EXTRA 500G,"95,00 د.ج",Pâtes et Couscous
INTEGRALE EXTRA 500G,"95,00 د.ج",Pâtes et Couscous
FUSILE AU BLE COMPLET 500G INTEGRALE EXTRA,"95,00 د.ج",Pâtes et Couscous
FUSILE AU BLE COMPLET 500G INTEGRALE EXTRA,"95,00 د.ج",Pâtes et Couscous
COUSCOUS MOYEN EXTRA 500G,"95,00 د.ج",Pâtes et Couscous
COUSCOUS MOYEN EXTRA 500G,"95,00 د.ج",Pâtes et Couscous
COUSCOUS FINE EXTRA 1KG,"185,00 د.ج",Pâtes et Couscous
COUSCOUS FINE EXTRA 1KG,"185,00 د.ج",Pâtes et Couscous
COUDE N 5 500G EXTRA,"95,00 د.ج",Pâtes et Couscous
COUDE N 5 500G EXTRA,"95,00 د.ج",Pâtes et Couscous
TRIDA EXTRA 500G,"95,00 د.ج",Pâtes et Couscous
TRIDA EXTRA 500G,"95,00 د.ج",Pâtes et Couscous
TAGLIATELLE 500G EXTRA,"90,00 د.ج",Pâtes et Couscous
TAGLIATELLE 500G EXTRA,"90,00 د.ج",Pâtes et Couscous
PLOMB EXTRA 500G,"95,00 د.ج",Pâtes et Couscous
PLOMB EXTRA 500G,"95,00 د.ج",Pâtes et Couscous
MACARONI 4 EXTRA 500G,"95,00 د.ج",Pâtes et Couscous
MACARONI 4 EXTRA 500G,"95,00 د.ج",Pâtes et Couscous
CHEVEUX DANGE EXTRA 500G,"95,00 د.ج",Pâtes et Couscous
CHEVEUX DANGE EXTRA 500G,"95,00 د.ج",Pâtes et Couscous
COUDE6 EXTRA 500G,"95,00 د.ج",Pâtes et Couscous
COUDE6 EXTRA 500G,"95,00 د.ج",Pâtes et Couscous
COUDE3 EXTRA 500G,"95,00 د.ج",Pâtes et Couscous
COUDE3 EXTRA 500G,"95,00 د.ج",Pâtes et Couscous
COUSCOUS FIN MAMA 1KG,"175,00 د.ج",Pâtes et Couscous
COUSCOUS FIN MAMA 1KG,"175,00 د.ج",Pâtes et Couscous
Fromage Fondu Walid Sans Gluten,"605,00 د.ج",Produits Laitiers
Fromage Fondu Walid Sans Gluten,"605,00 د.ج",Produits Laitiers
lait candia silhouette,"130,00 د.ج",Produits Laitiers
lait candia silhouette,"130,00 د.ج",Produits Laitiers
MARGARINE MANI 500G,"180,00 د.ج",Produits Laitiers
MARGARINE MANI 500G,"180,00 د.ج",Produits Laitiers
MARGARINE FLEURIAL 250G CEVITAL,"95,00 د.ج",Produits Laitiers
MARGARINE FLEURIAL 250G CEVITAL,"95,00 د.ج",Produits Laitiers
MARGARINE FLEURIAL 250G VEGETALIS,"115,00 د.ج",Produits Laitiers
MARGARINE FLEURIAL 250G VEGETALIS,"115,00 د.ج",Produits Laitiers
LAIT CANDIA 1LITRE,"125,00 د.ج",Produits Laitiers
LAIT CANDIA 1LITRE,"125,00 د.ج",Produits Laitiers
CANDY CHOCO 200ML,"50,00 د.ج",Produits Laitiers
CANDY CHOCO 200ML,"50,00 د.ج",Produits Laitiers
CANDY CHOCO 1L,"190,00 د.ج",Produits Laitiers
CANDY CHOCO 1L,"190,00 د.ج",Produits Laitiers
LAIT CANDIA 1LITRE ENTIER,"150,00 د.ج",Produits Laitiers
LAIT CANDIA 1LITRE ENTIER,"150,00 د.ج",Produits Laitiers
HARICOT ROUGE 1KG Garrido,"500,00 د.ج",Légumes Secs
HARICOT ROUGE 1KG Garrido,"500,00 د.ج",Légumes Secs
Pois Cassés 1kg Garrido,"330,00 د.ج",Légumes Secs
Pois Cassés 1kg Garrido,"330,00 د.ج",Légumes Secs
RIZ étuvé 1KG La Belle,"155,00 د.ج",Légumes Secs
RIZ étuvé 1KG La Belle,"155,00 د.ج",Légumes Secs
LENTILLES Borjot 1Kg,"250,00 د.ج",Légumes Secs
LENTILLES Borjot 1Kg,"250,00 د.ج",Légumes Secs
LENTILLES  BORJOT 500G,"135,00 د.ج",Légumes Secs
LENTILLES  BORJOT 500G,"135,00 د.ج",Légumes Secs
POIS CHICHE BORJOT 500G,"215,00 د.ج",Légumes Secs
POIS CHICHE BORJOT 500G,"215,00 د.ج",Légumes Secs
HARICOTS BORJOT 500G,"185,00 د.ج",Légumes Secs
HARICOTS BORJOT 500G,"185,00 د.ج",Légumes Secs
LENTILLE GARRIDO 1KG,"385,00 د.ج",Légumes Secs
LENTILLE GARRIDO 1KG,"385,00 د.ج",Légumes Secs
LENTILLES 1KG GARRIDO,"385,00 د.ج",Légumes Secs
LENTILLES 1KG GARRIDO,"385,00 د.ج",Légumes Secs
LENTILLE ROUGE GARRIDO 1KG,"350,00 د.ج",Légumes Secs
LENTILLE ROUGE GARRIDO 1KG,"350,00 د.ج",Légumes Secs
HARICOTS ROUGE 500G GARRIDO,"255,00 د.ج",Légumes Secs
HARICOTS ROUGE 500G GARRIDO,"255,00 د.ج",Légumes Secs
HARICOT GARRIDO 500G,"225,00 د.ج",Légumes Secs
HARICOT GARRIDO 500G,"225,00 د.ج",Légumes Secs
POIS CHICHE GARRIDO 500G,"250,00 د.ج",Légumes Secs
POIS CHICHE GARRIDO 500G,"250,00 د.ج",Légumes Secs
Substitut de Sucre en Poudre MagiLight,"120,00 د.ج",Cafés et Sucres
Substitut de Sucre en Poudre MagiLight,"120,00 د.ج",Cafés et Sucres
EXPRESS GOLD café,"1 760,00 د.ج",Cafés et Sucres
EXPRESS GOLD café,"1 760,00 د.ج",Cafés et Sucres
Granior Chicorée Café Solubles,"535,00 د.ج",Cafés et Sucres
Granior Chicorée Café Solubles,"535,00 د.ج",Cafés et Sucres
Chicorée Café Soluble SIMPL,"1 030,00 د.ج",Cafés et Sucres
Chicorée Café Soluble SIMPL,"1 030,00 د.ج",Cafés et Sucres
Café moulu Famico Exclusive,"250,00 د.ج",Cafés et Sucres
Café moulu Famico Exclusive,"250,00 د.ج",Cafés et Sucres
Café Boukhari Mélange arabica et robusta,"250,00 د.ج",Cafés et Sucres
Café Boukhari Mélange arabica et robusta,"250,00 د.ج",Cafés et Sucres
Chicorée mix soluble de Grandos,"680,00 د.ج",Cafés et Sucres
Chicorée mix soluble de Grandos,"680,00 د.ج",Cafés et Sucres
Boisson instantanée Chicorée de City One,"210,00 د.ج",Cafés et Sucres
Boisson instantanée Chicorée de City One,"210,00 د.ج",Cafés et Sucres
Jacobs Cronat Gold Café Instantané,"2 170,00 د.ج",Cafés et Sucres
Jacobs Cronat Gold Café Instantané,"2 170,00 د.ج",Cafés et Sucres
Jacobs Kronung Café Instantané,"2 170,00 د.ج",Cafés et Sucres
Jacobs Kronung Café Instantané,"2 170,00 د.ج",Cafés et Sucres
Jacobs Crema Café Instantané,"2 170,00 د.ج",Cafés et Sucres
Jacobs Crema Café Instantané,"2 170,00 د.ج",Cafés et Sucres
Jacobs Velvet Café Instantané,"2 170,00 د.ج",Cafés et Sucres
Jacobs Velvet Café Instantané,"2 170,00 د.ج",Cafés et Sucres
Primo Café 250 G,"250,00 د.ج",Cafés et Sucres
Primo Café 250 G,"250,00 د.ج",Cafés et Sucres
Café D’Or Moulu 250 Gr,"250,00 د.ج",Cafés et Sucres
Café D’Or Moulu 250 Gr,"250,00 د.ج",Cafés et Sucres
SUCRE CEVITAL 2KG,"190,00 د.ج",Cafés et Sucres
SUCRE CEVITAL 2KG,"190,00 د.ج",Cafés et Sucres
SUCRE CEVITAL 1KG,"95,00 د.ج",Cafés et Sucres
SUCRE CEVITAL 1KG,"95,00 د.ج",Cafés et Sucres
CAFE OSCAR 250G TRESOR NOIR,"250,00 د.ج",Cafés et Sucres
CAFE OSCAR 250G TRESOR NOIR,"250,00 د.ج",Cafés et Sucres
CAFE MOULU INSTENSE L OR 250G,"1 240,00 د.ج",Cafés et Sucres
CAFE MOULU INSTENSE L OR 250G,"1 240,00 د.ج",Cafés et Sucres
CAFE MOULU CAFESTA 250G,"250,00 د.ج",Cafés et Sucres
CAFE MOULU CAFESTA 250G,"250,00 د.ج",Cafés et Sucres
CAFE BONAL 250G,"250,00 د.ج",Cafés et Sucres
CAFE BONAL 250G,"250,00 د.ج",Cafés et Sucres
CAFE  AROMA 250G,"250,00 د.ج",Cafés et Sucres
CAFE  AROMA 250G,"250,00 د.ج",Cafés et Sucres
CAFE AROMA FAMILIAL 250G,"250,00 د.ج",Cafés et Sucres
CAFE AROMA FAMILIAL 250G,"250,00 د.ج",Cafés et Sucres
PATE A TARTINER EL MORDJANE 700G,"860,00 د.ج",Conserves
PATE A TARTINER EL MORDJANE 700G,"860,00 د.ج",Conserves
Tomates CAB Hello 800 g,"330,00 د.ج",Conserves
Tomates CAB Hello 800 g,"330,00 د.ج",Conserves
THON MARICIANA A LA TOMATE 400G,"610,00 د.ج",Conserves
THON MARICIANA A LA TOMATE 400G,"610,00 د.ج",Conserves
THON ATLANTICO 160G A LA TOMATE,"235,00 د.ج",Conserves
THON ATLANTICO 160G A LA TOMATE,"235,00 د.ج",Conserves
THON MARINARA 140G HUILE VEGETALE,"199,00 د.ج",Conserves
THON MARINARA 140G HUILE VEGETALE,"199,00 د.ج",Conserves
THON RICAMAR 160G NATUREL,"305,00 د.ج",Conserves
THON RICAMAR 160G NATUREL,"305,00 د.ج",Conserves
THON MARATUN A LA TOMATE 160G,"255,00 د.ج",Conserves
THON MARATUN A LA TOMATE 160G,"255,00 د.ج",Conserves
THON A L HUILE RICAMAR 160G,"255,00 د.ج",Conserves
THON A L HUILE RICAMAR 160G,"255,00 د.ج",Conserves
THON A LA TOMATE RICAMAR 160G,"250,00 د.ج",Conserves
THON A LA TOMATE RICAMAR 160G,"250,00 د.ج",Conserves
TRIP THON RICAMAR A LA TOMATE,"330,00 د.ج",Conserves
TRIP THON RICAMAR A LA TOMATE,"330,00 د.ج",Conserves
THON RICAMAR TRIP NATUREL 65*3,"360,00 د.ج",Conserves
THON RICAMAR TRIP NATUREL 65*3,"360,00 د.ج",Conserves
CORNED BEEF 200 G BELLAT,"380,00 د.ج",Conserves
CORNED BEEF 200 G BELLAT,"380,00 د.ج",Conserves
TRIP THON RICAMAR A L HUILE 65G*3,"330,00 د.ج",Conserves
TRIP THON RICAMAR A L HUILE 65G*3,"330,00 د.ج",Conserves
TRIP THON MARATUN A LA TOMATE 65G,"325,00 د.ج",Conserves
TRIP THON MARATUN A LA TOMATE 65G,"325,00 د.ج",Conserves
TRIP MIETTE DE THON A L TOMATE DALITUN 65G*3,"165,00 د.ج",Conserves
TRIP MIETTE DE THON A L TOMATE DALITUN 65G*3,"165,00 د.ج",Conserves
TRIP MITTES DE THON A LA TOMATE ATLANTIC,"180,00 د.ج",Conserves
TRIP MITTES DE THON A LA TOMATE ATLANTIC,"180,00 د.ج",Conserves
TRIP THON MARATUN A L HUILE,"320,00 د.ج",Conserves
TRIP THON MARATUN A L HUILE,"320,00 د.ج",Conserves
CONFITURE DE FRAISE SICAM 400G,"165,00 د.ج",Conserves
CONFITURE DE FRAISE SICAM 400G,"165,00 د.ج",Conserves
CONFITURE ABRICOT SICAM 400G,"140,00 د.ج",Conserves
CONFITURE ABRICOT SICAM 400G,"140,00 د.ج",Conserves
CONFITURE D AGRUMES/MANDARINE SICAM 400G,"120,00 د.ج",Conserves
CONFITURE D AGRUMES/MANDARINE SICAM 400G,"120,00 د.ج",Conserves
CONFITURE 400G TRI STARS POMMES,"125,00 د.ج",Conserves
CONFITURE 400G TRI STARS POMMES,"125,00 د.ج",Conserves
CONFITURE DE POMME SICAM 400G,"120,00 د.ج",Conserves
CONFITURE DE POMME SICAM 400G,"120,00 د.ج",Conserves
HARAISSA 135G CAB,"85,00 د.ج",Conserves
HARAISSA 135G CAB,"85,00 د.ج",Conserves
POLPA DI TOMATO 370G SICAM,"115,00 د.ج",Conserves
POLPA DI TOMATO 370G SICAM,"115,00 د.ج",Conserves
TOMATE HELLO 400G,"180,00 د.ج",Conserves
TOMATE HELLO 400G,"180,00 د.ج",Conserves
TOMATE CONCENTREE ELHARA 400G,"185,00 د.ج",Conserves
TOMATE CONCENTREE ELHARA 400G,"185,00 د.ج",Conserves
HROUSS GREEN GRILL 370G,"165,00 د.ج",Conserves
HROUSS GREEN GRILL 370G,"165,00 د.ج",Conserves
TOMATE ZAHRA 800G,"355,00 د.ج",Conserves
TOMATE ZAHRA 800G,"355,00 د.ج",Conserves
TOMATE IZDIHAR 800G,"335,00 د.ج",Conserves
TOMATE IZDIHAR 800G,"335,00 د.ج",Conserves
HRISSA 400G SICAM,"165,00 د.ج",Conserves
HRISSA 400G SICAM,"165,00 د.ج",Conserves
TOMATE CONCENTRE ZAHRA 400G,"180,00 د.ج",Conserves
TOMATE CONCENTRE ZAHRA 400G,"180,00 د.ج",Conserves
HARISSA 760G TELLOISE,"295,00 د.ج",Conserves
HARISSA 760G TELLOISE,"295,00 د.ج",Conserves
TOMATE CAB 800G,"290,00 د.ج",Conserves
TOMATE CAB 800G,"290,00 د.ج",Conserves
TOMATE FIDE 800G,"320,00 د.ج",Conserves
TOMATE FIDE 800G,"320,00 د.ج",Conserves
HARISSA IZDIHAR 380G,"180,00 د.ج",Conserves
HARISSA IZDIHAR 380G,"180,00 د.ج",Conserves
HARISSA IZDIHAR 135G,"80,00 د.ج",Conserves
HARISSA IZDIHAR 135G,"80,00 د.ج",Conserves
TOMATE JUMBO 400G,"195,00 د.ج",Conserves
TOMATE JUMBO 400G,"195,00 د.ج",Conserves
GAZEUSE COCA 2L,"160,00 د.ج",Boisson
GAZEUSE COCA 2L,"160,00 د.ج",Boisson
GAZEUSE COCA 1L,"110,00 د.ج",Boisson
GAZEUSE COCA 1L,"110,00 د.ج",Boisson
GAZEUSE SLIM POMME 2L HAMOUD,"130,00 د.ج",Boisson
GAZEUSE SLIM POMME 2L HAMOUD,"130,00 د.ج",Boisson
GAZEUSE SLIM POMME 1L HAMOUD,"85,00 د.ج",Boisson
GAZEUSE SLIM POMME 1L HAMOUD,"85,00 د.ج",Boisson
GAZEUSE SLIM ORANGE 2L HAMOUD,"135,00 د.ج",Boisson
GAZEUSE SLIM ORANGE 2L HAMOUD,"135,00 د.ج",Boisson
GAZEUSE SLIM CITRON 2L HAMOUD,"130,00 د.ج",Boisson
GAZEUSE SLIM CITRON 2L HAMOUD,"130,00 د.ج",Boisson
GAZEUSE SLIM CITRON 1L HAMOUD,"85,00 د.ج",Boisson
GAZEUSE SLIM CITRON 1L HAMOUD,"85,00 د.ج",Boisson
GAZEUSE SLIM ANANAS 2L HAMOUD,"130,00 د.ج",Boisson
GAZEUSE SLIM ANANAS 2L HAMOUD,"130,00 د.ج",Boisson
GAZEUSE SELECTO 2L HAMOUD,"145,00 د.ج",Boisson
GAZEUSE SELECTO 2L HAMOUD,"145,00 د.ج",Boisson
GAZEUSE SELECTO 33CL HAMOUD,"45,00 د.ج",Boisson
GAZEUSE SELECTO 33CL HAMOUD,"45,00 د.ج",Boisson
GAZEUSE SLIM HAMOUD ORANGE 33CL,"45,00 د.ج",Boisson
GAZEUSE SLIM HAMOUD ORANGE 33CL,"45,00 د.ج",Boisson
GAZEUSE HAMOUD BLANCHE 33CL,"45,00 د.ج",Boisson
GAZEUSE HAMOUD BLANCHE 33CL,"45,00 د.ج",Boisson
GAZEUSE BLANCHE 2L HAMOUD,"140,00 د.ج",Boisson
GAZEUSE BLANCHE 2L HAMOUD,"140,00 د.ج",Boisson
GAZEUSE BLANCHE 1L HAMOUD,"85,00 د.ج",Boisson
GAZEUSE BLANCHE 1L HAMOUD,"85,00 د.ج",Boisson
GAZEUSE SLIM ANANAS 1L HAMOUD,"85,00 د.ج",Boisson
GAZEUSE SLIM ANANAS 1L HAMOUD,"85,00 د.ج",Boisson
GAZEUSE COLA 1L HAMOUD,"80,00 د.ج",Boisson
GAZEUSE COLA 1L HAMOUD,"80,00 د.ج",Boisson
GAZEUSE COLA 2L HAMOUD,"130,00 د.ج",Boisson
GAZEUSE COLA 2L HAMOUD,"130,00 د.ج",Boisson
GAZEUSE SLIM ORANGE 1L HAMOUD,"85,00 د.ج",Boisson
GAZEUSE SLIM ORANGE 1L HAMOUD,"85,00 د.ج",Boisson
HUILE AFIA 2 LITRE,"250,00 د.ج",Huiles et Vinaigre
HUILE AFIA 2 LITRE,"250,00 د.ج",Huiles et Vinaigre
HUILE ELIO 1L,"125,00 د.ج",Huiles et Vinaigre
HUILE ELIO 1L,"125,00 د.ج",Huiles et Vinaigre
VINAIGRE SIDNA COLORE 70CL,"100,00 د.ج",Huiles et Vinaigre
VINAIGRE SIDNA COLORE 70CL,"100,00 د.ج",Huiles et Vinaigre
VINAIGRE SIDNA BLANC 70CL,"115,00 د.ج",Huiles et Vinaigre
VINAIGRE SIDNA BLANC 70CL,"115,00 د.ج",Huiles et Vinaigre
MAYONNAISE 395G FLEURIAL,"275,00 د.ج",Huiles et Vinaigre
MAYONNAISE 395G FLEURIAL,"275,00 د.ج",Huiles et Vinaigre
MAYONNAISE FLEURIAL 200G,"170,00 د.ج",Huiles et Vinaigre
MAYONNAISE FLEURIAL 200G,"170,00 د.ج",Huiles et Vinaigre
Céréales Ringosso au Chocolat,"180,00 د.ج",Epicerie-Sucree
Céréales Ringosso au Chocolat,"180,00 د.ج",Epicerie-Sucree
BISCUITS SECS MACAO BIMO,"95,00 د.ج",Epicerie-Sucree
BISCUITS SECS MACAO BIMO,"95,00 د.ج",Epicerie-Sucree
GAUFRETTES BEST OF BIMO VANILLE,"115,00 د.ج",Epicerie-Sucree
GAUFRETTES BEST OF BIMO VANILLE,"115,00 د.ج",Epicerie-Sucree
BISCUITS KOOL SUPREME 40G,"70,00 د.ج",Epicerie-Sucree
BISCUITS KOOL SUPREME 40G,"70,00 د.ج",Epicerie-Sucree
BISCUITS FAMELIO 400G,"165,00 د.ج",Epicerie-Sucree
BISCUITS FAMELIO 400G,"165,00 د.ج",Epicerie-Sucree
BISCUITS KOOL CREAM CHOCOLAT SACHET 220G,"125,00 د.ج",Epicerie-Sucree
BISCUITS KOOL CREAM CHOCOLAT SACHET 220G,"125,00 د.ج",Epicerie-Sucree
GAUFRETTE BREAK KOOL 35G,"70,00 د.ج",Epicerie-Sucree
GAUFRETTE BREAK KOOL 35G,"70,00 د.ج",Epicerie-Sucree
GAUFRETTES DOUBLE MIX CHOCO BIMO,"115,00 د.ج",Epicerie-Sucree
GAUFRETTES DOUBLE MIX CHOCO BIMO,"115,00 د.ج",Epicerie-Sucree
GAUFRETTES BEST OF BIMO CUBE VANILLE,"115,00 د.ج",Epicerie-Sucree
GAUFRETTES BEST OF BIMO CUBE VANILLE,"115,00 د.ج",Epicerie-Sucree
GALETTE MAXON 340G,"105,00 د.ج",Epicerie-Sucree
GALETTE MAXON 340G,"105,00 د.ج",Epicerie-Sucree
BISCUITS MAXON XL CACAO 400G,"180,00 د.ج",Epicerie-Sucree
BISCUITS MAXON XL CACAO 400G,"180,00 د.ج",Epicerie-Sucree
BISCUITS MEGA DREAM CHOCOLAT 320G,"110,00 د.ج",Epicerie-Sucree
BISCUITS MEGA DREAM CHOCOLAT 320G,"110,00 د.ج",Epicerie-Sucree
BISCUITS MEGA DREAM FRAISE 320G,"110,00 د.ج",Epicerie-Sucree
BISCUITS MEGA DREAM FRAISE 320G,"110,00 د.ج",Epicerie-Sucree
PATE A TARTINER OPTILLA 700G,"470,00 د.ج",Epicerie-Sucree
PATE A TARTINER OPTILLA 700G,"470,00 د.ج",Epicerie-Sucree
CHOCOLAT POUDRE NOVA 500G,"325,00 د.ج",Epicerie-Sucree
CHOCOLAT POUDRE NOVA 500G,"325,00 د.ج",Epicerie-Sucree
