Name,Price,Category,Quantity
Spaghetti 500g EXTRA,90,Pâtes et Couscous,500 g
FUSILLI 500g Garrido,115,Pâtes et Couscous,500 g
NIDI 500G محبوبة,180,Pâtes et Couscous,500 g
GNOCCHETTI  500G البركة,110,Pâtes et Couscous,500 g
CHAKHCHOUKHA 500G البركة,110,Pâtes et Couscous,500 g
LASAGNE 500G البركة,300,Pâtes et Couscous,500 g
FLAMINGO 500G البركة,85,Pâtes et Couscous,500 g
PLOMB 500G البركة,90,Pâtes et Couscous,500 g
COUSCOUS GROS 1KG البركة,170,Pâtes et Couscous,1000 g
COUSCOUS MOYEN 1KG البركة,170,Pâtes et Couscous,1000 g
COUSCOUS FIN  1KG البركة,170,Pâtes et Couscous,1000 g
SPAGHETTI 7 500G البركة,85,Pâtes et Couscous,500 g
COUDE N4 500G البركة,90,Pâtes et Couscous,500 g
VERMICELLE 500G البركة,90,Pâtes et Couscous,500 g
COQUILLETTES 500G البركة,85,Pâtes et Couscous,500 g
SPAGHETTI 500G SAFINA,90,Pâtes et Couscous,500 g
LANGUES D’OISEAUX 500g Safina,90,Pâtes et Couscous,500 g
VERMICELLES 500g Safina,90,Pâtes et Couscous,500 g
COUDES 8 Safina 500g,90,Pâtes et Couscous,500 g
COUDES 6 Safina 500g,90,Pâtes et Couscous,500 g
COUDES 4 Safina 500g,90,Pâtes et Couscous,500 g
COUSCOUS GROS 1KG عمور,140,Pâtes et Couscous,1000 g
COUSCOUS MOYEN 1KG عمور,140,Pâtes et Couscous,1000 g
MACCARONI 4 EXTRA 500G,95,Pâtes et Couscous,500 g
ESCARGOT 500G EXTRA,95,Pâtes et Couscous,500 g
PLOMBS 1 KG AMOR BENAMOR,150,Pâtes et Couscous,1000 g
COUSCOUS MOYEN 1KG AMOR BENAMOR,180,Pâtes et Couscous,1000 g
COUSCOUS GROS 1KG Safina,185,Pâtes et Couscous,1000 g
LINGUINE 500G Sosémie,85,Pâtes et Couscous,500 g
CHAKHCHOUKHA 1KG MAMA,250,Pâtes et Couscous,1000 g
Penné aux Légumes 400G محبوبة,145,Pâtes et Couscous,400 g
ACHKAL 500G محبوبة,55,Pâtes et Couscous,500 g
SPAGHETTI au Blé Complet 500G محبوبة,100,Pâtes et Couscous,500 g
NOUILLES Carrés 500G تريدة محبوبة,65,Pâtes et Couscous,500 g
Grand ESCARGOT 500G محبوبة,65,Pâtes et Couscous,500 g
NOUILLES 500G محبوبة,65,Pâtes et Couscous,500 g
SPAGHETTI 500G محبوبة,65,Pâtes et Couscous,500 g
Petit PLOMB 500G محبوبة,65,Pâtes et Couscous,500 g
FUSILLI 500G محبوبة,65,Pâtes et Couscous,500 g
COUSCOUS FIN SIM 1KG,135,Pâtes et Couscous,1000 g
COUSCOUS FIN Safina 1KG,170,Pâtes et Couscous,1000 g
COUSCOUS MOYEN Safina 1KG,170,Pâtes et Couscous,1000 g
LINGUINE MAMA 500G,95,Pâtes et Couscous,500 g
PLOMB MAMA 500G,90,Pâtes et Couscous,500 g
COUDE PETIT MAMA 500G,90,Pâtes et Couscous,500 g
COUSCOUS GROS MAMA 1KG,175,Pâtes et Couscous,1000 g
COUSCOUS D’ORGE MAMA 900G,230,Pâtes et Couscous,900 g
COUSCOUS MOYEN MAMA 1KG,175,Pâtes et Couscous,1000 g
COUSCOUS COMPLET MAMA 900G,160,Pâtes et Couscous,900 g
COUDE MOYEN MAMA 500G,95,Pâtes et Couscous,500 g
TLITLI SIM 500G,60,Pâtes et Couscous,500 g
VERMICELLE  SIM 500G,60,Pâtes et Couscous,500 g
SPAGHETTI  SIM 500G,60,Pâtes et Couscous,500 g
COUSCOUS MOYEN 1KG SIM,135,Pâtes et Couscous,1000 g
COUDE GARRIDO CURVE LISCE 3,115,Pâtes et Couscous,500 g
FARFALLE EXTRA 500G,155,Pâtes et Couscous,500 g
INTEGRALE EXTRA 500G,95,Pâtes et Couscous,500 g
FUSILE AU BLE COMPLET 500G INTEGRALE EXTRA,95,Pâtes et Couscous,500 g
COUSCOUS MOYEN EXTRA 500G,95,Pâtes et Couscous,500 g
COUSCOUS FINE EXTRA 1KG,185,Pâtes et Couscous,1000 g
COUDE N 5 500G EXTRA,95,Pâtes et Couscous,500 g
TRIDA EXTRA 500G,95,Pâtes et Couscous,500 g
TAGLIATELLE 500G EXTRA,90,Pâtes et Couscous,500 g
PLOMB EXTRA 500G,95,Pâtes et Couscous,500 g
MACARONI 4 EXTRA 500G,95,Pâtes et Couscous,500 g
CHEVEUX DANGE EXTRA 500G,95,Pâtes et Couscous,500 g
COUDE6 EXTRA 500G,95,Pâtes et Couscous,500 g
COUDE3 EXTRA 500G,95,Pâtes et Couscous,500 g
COUSCOUS FIN MAMA 1KG,175,Pâtes et Couscous,1000 g
Fromage Fondu Walid Sans Gluten,605,Produits Laitiers,700 g
lait candia silhouette,130,Produits Laitiers,1000 ml
MARGARINE MANI 500G,180,Produits Laitiers,500 g
MARGARINE FLEURIAL 250G CEVITAL,95,Produits Laitiers,250 g
MARGARINE FLEURIAL 250G VEGETALIS,115,Produits Laitiers,250 g
LAIT CANDIA 1LITRE,125,Produits Laitiers,1000 ml
CANDY CHOCO 200ML,50,Produits Laitiers,200 ml
CANDY CHOCO 1L,190,Produits Laitiers,1000 ml
LAIT CANDIA 1LITRE ENTIER,150,Produits Laitiers,1000 ml
HARICOT ROUGE 1KG Garrido,500,Légumes Secs,1000 g
Pois Cassés 1kg Garrido,330,Légumes Secs,1000 g
RIZ étuvé 1KG La Belle,155,Légumes Secs,1000 g
LENTILLES Borjot 1Kg,250,Légumes Secs,1000 g
LENTILLES  BORJOT 500G,135,Légumes Secs,500 g
POIS CHICHE BORJOT 500G,215,Légumes Secs,500 g
HARICOTS BORJOT 500G,185,Légumes Secs,500 g
LENTILLE GARRIDO 1KG,385,Légumes Secs,1000 g
LENTILLES 1KG GARRIDO,385,Légumes Secs,1000 g
LENTILLE ROUGE GARRIDO 1KG,350,Légumes Secs,1000 g
HARICOTS ROUGE 500G GARRIDO,255,Légumes Secs,500 g
HARICOT GARRIDO 500G,225,Légumes Secs,500 g
POIS CHICHE GARRIDO 500G,250,Légumes Secs,500 g
Substitut de Sucre en Poudre MagiLight,120,Cafés et Sucres,50 g
Granior Chicorée Café Solubles,535,Cafés et Sucres,200 g
Café moulu Famico Exclusive,250,Cafés et Sucres,250 g
Café Boukhari Mélange arabica et robusta,250,Cafés et Sucres,250 g
Chicorée mix soluble de Grandos,680,Cafés et Sucres,100 g
Boisson instantanée Chicorée de City One,210,Cafés et Sucres,70 g
Primo Café 250 G,250,Cafés et Sucres,250 g
Café D’Or Moulu 250 Gr,250,Cafés et Sucres,250 g
SUCRE CEVITAL 2KG,190,Cafés et Sucres,2000 g
SUCRE CEVITAL 1KG,95,Cafés et Sucres,1000 g
CAFE OSCAR 250G TRESOR NOIR,250,Cafés et Sucres,250 g
CAFE MOULU CAFESTA 250G,250,Cafés et Sucres,250 g
CAFE BONAL 250G,250,Cafés et Sucres,250 g
CAFE  AROMA 250G,250,Cafés et Sucres,250 g
CAFE AROMA FAMILIAL 250G,250,Cafés et Sucres,250 g
PATE A TARTINER EL MORDJANE 700G,860,Conserves,700 g
Tomates CAB Hello 800 g,330,Conserves,800 g
THON MARICIANA A LA TOMATE 400G,610,Conserves,400 g
THON ATLANTICO 160G A LA TOMATE,235,Conserves,160 g
THON MARINARA 140G HUILE VEGETALE,199,Conserves,140 g
THON RICAMAR 160G NATUREL,305,Conserves,160 g
THON MARATUN A LA TOMATE 160G,255,Conserves,160 g
THON A L HUILE RICAMAR 160G,255,Conserves,160 g
THON A LA TOMATE RICAMAR 160G,250,Conserves,160 g
TRIP THON RICAMAR A LA TOMATE,330,Conserves,195 g
THON RICAMAR TRIP NATUREL 65*3,360,Conserves,195 g
CORNED BEEF 200 G BELLAT,380,Conserves,200 g
TRIP THON RICAMAR A L HUILE 65G*3,330,Conserves,195 g
TRIP THON MARATUN A LA TOMATE 65G,325,Conserves,195 g
TRIP MIETTE DE THON A L TOMATE DALITUN 65G*3,165,Conserves,195 g
TRIP MITTES DE THON A LA TOMATE ATLANTIC,180,Conserves,195 g
TRIP THON MARATUN A L HUILE,320,Conserves,195 g
CONFITURE DE FRAISE SICAM 400G,165,Conserves,400 g
CONFITURE ABRICOT SICAM 400G,140,Conserves,400 g
CONFITURE D AGRUMES/MANDARINE SICAM 400G,120,Conserves,400 g
CONFITURE 400G TRI STARS POMMES,125,Conserves,400 g
CONFITURE DE POMME SICAM 400G,120,Conserves,400 g
HARAISSA 135G CAB,85,Conserves,135 g
POLPA DI TOMATO 370G SICAM,115,Conserves,370 g
TOMATE HELLO 400G,180,Conserves,400 g
TOMATE CONCENTREE ELHARA 400G,185,Conserves,400 g
HROUSS GREEN GRILL 370G,165,Conserves,370 g
TOMATE ZAHRA 800G,355,Conserves,800 g
TOMATE IZDIHAR 800G,335,Conserves,800 g
HRISSA 400G SICAM,165,Conserves,400 g
TOMATE CONCENTRE ZAHRA 400G,180,Conserves,400 g
HARISSA 760G TELLOISE,295,Conserves,760 g
TOMATE CAB 800G,290,Conserves,800 g
TOMATE FIDE 800G,320,Conserves,800 g
HARISSA IZDIHAR 380G,180,Conserves,380 g
HARISSA IZDIHAR 135G,80,Conserves,135 g
TOMATE JUMBO 400G,195,Conserves,400 g
GAZEUSE COCA 2L,160,Boisson,2000 ml
GAZEUSE COCA 1L,110,Boisson,1000 ml
GAZEUSE SLIM POMME 2L HAMOUD,130,Boisson,2000 ml
GAZEUSE SLIM POMME 1L HAMOUD,85,Boisson,1000 ml
GAZEUSE SLIM ORANGE 2L HAMOUD,135,Boisson,2000 ml
GAZEUSE SLIM CITRON 2L HAMOUD,130,Boisson,2000 ml
GAZEUSE SLIM CITRON 1L HAMOUD,85,Boisson,1000 ml
GAZEUSE SLIM ANANAS 2L HAMOUD,130,Boisson,2000 ml
GAZEUSE SELECTO 2L HAMOUD,145,Boisson,2000 ml
GAZEUSE SELECTO 33CL HAMOUD,45,Boisson,330 ml
GAZEUSE SLIM HAMOUD ORANGE 33CL,45,Boisson,330 ml
GAZEUSE HAMOUD BLANCHE 33CL,45,Boisson,330 ml
GAZEUSE BLANCHE 2L HAMOUD,140,Boisson,2000 ml
GAZEUSE BLANCHE 1L HAMOUD,85,Boisson,1000 ml
GAZEUSE SLIM ANANAS 1L HAMOUD,85,Boisson,1000 ml
GAZEUSE COLA 1L HAMOUD,80,Boisson,1000 ml
GAZEUSE COLA 2L HAMOUD,130,Boisson,2000 ml
GAZEUSE SLIM ORANGE 1L HAMOUD,85,Boisson,1000 ml
HUILE AFIA 2 LITRE,250,Huiles et Vinaigre,2000 ml
HUILE ELIO 1L,125,Huiles et Vinaigre,1000 ml
VINAIGRE SIDNA COLORE 70CL,100,Huiles et Vinaigre,700 ml
VINAIGRE SIDNA BLANC 70CL,115,Huiles et Vinaigre,700 ml
MAYONNAISE 395G FLEURIAL,275,Huiles et Vinaigre,395 g
MAYONNAISE FLEURIAL 200G,170,Huiles et Vinaigre,200 g
Céréales Ringosso au Chocolat,180,Epicerie-Sucree,200 g
BISCUITS SECS MACAO BIMO,95,Epicerie-Sucree,
GAUFRETTES BEST OF BIMO VANILLE,115,Epicerie-Sucree,
BISCUITS KOOL SUPREME 40G,70,Epicerie-Sucree,40 g
BISCUITS FAMELIO 400G,165,Epicerie-Sucree,400 g
BISCUITS KOOL CREAM CHOCOLAT SACHET 220G,125,Epicerie-Sucree,220 g
GAUFRETTE BREAK KOOL 35G,70,Epicerie-Sucree,35 g
GAUFRETTES DOUBLE MIX CHOCO BIMO,115,Epicerie-Sucree,
GAUFRETTES BEST OF BIMO CUBE VANILLE,115,Epicerie-Sucree,
GALETTE MAXON 340G,105,Epicerie-Sucree,340 g
BISCUITS MAXON XL CACAO 400G,180,Epicerie-Sucree,400 g
BISCUITS MEGA DREAM CHOCOLAT 320G,110,Epicerie-Sucree,320 g
BISCUITS MEGA DREAM FRAISE 320G,110,Epicerie-Sucree,320 g
PATE A TARTINER OPTILLA 700G,470,Epicerie-Sucree,700 g
CHOCOLAT POUDRE NOVA 500G,325,Epicerie-Sucree,500 g
Ail,900,Fruits et Légumes,1000 g
Ail Rouge en Vrac,330,Fruits et Légumes,1000 g
Ananas,660,Fruits et Légumes,1000 g
Anchois Vrac,1375,Fruits et Légumes,1000 g
Artichaut 1kg,250,Fruits et Légumes,1000 g
Aubergines 1kg,150,Fruits et Légumes,1000 g
Avocat,1100,Fruits et Légumes,1000 g
Banane,220,Fruits et Légumes,1000 g
Betterave,90,Fruits et Légumes,1000 g
Brocoli 1kg,300,Fruits et Légumes,1000 g
Câpre,258.5,Fruits et Légumes,1000 g
Carde,80,Fruits et Légumes,1000 g
Carotte,75,Fruits et Légumes,1000 g
Cèlerie,45,Fruits et Légumes,1000 g
Champignon Vrac,797.5,Fruits et Légumes,1000 g
Cherimoya,1925,Fruits et Légumes,1000 g
Chou Fleur,68.5,Fruits et Légumes,1000 g
Chou Rouge,79,Fruits et Légumes,1000 g
Chou Vert,75,Fruits et Légumes,1000 g
Citron Jaune,187.5,Fruits et Légumes,1000 g
Citron Vert,400,Fruits et Légumes,1000 g
Coing,192.5,Fruits et Légumes,1000 g
Concombre,66,Fruits et Légumes,1000 g
Coriandre,25,Fruits et Légumes,1000 g
Cornichons,451,Fruits et Légumes,1000 g
Courgette,135,Fruits et Légumes,1000 g
Dattes Branche,550,Fruits et Légumes,1000 g
Echalotte,50,Fruits et Légumes,1000 g
Epinards,50,Fruits et Légumes,1000 g
Fenouil,120,Fruits et Légumes,1000 g
Fève,135,Fruits et Légumes,1000 g
Flion,30,Fruits et Légumes,1000 g
Fraise,550,Fruits et Légumes,1000 g
Gingembre Vrac,880,Fruits et Légumes,1000 g
Grenade,137.5,Fruits et Légumes,1000 g
Haricots Verts,121,Fruits et Légumes,1000 g
Kaki,330,Fruits et Légumes,1000 g
Kiwi,825,Fruits et Légumes,1000 g
Laurier,80,Fruits et Légumes,1000 g
Mais Doux Vrac,330,Fruits et Légumes,1000 g
Mandarine,170,Fruits et Légumes,1000 g
Mangue,1375,Fruits et Légumes,1000 g
Melon Cantaloup (Bouchebika),80,Fruits et Légumes,1000 g
Melon Jaune 1kg,120,Fruits et Légumes,1000 g
Menthe,25,Fruits et Légumes,1000 g
Navet,160,Fruits et Légumes,1000 g
Navet Blanc,75,Fruits et Légumes,1000 g
Nectarine,380,Fruits et Légumes,1000 g
Oignons De Saison,45,Fruits et Légumes,1000 g
Olive Noyau Vrac,209,Fruits et Légumes,1000 g
Olive Sèche,302.5,Fruits et Légumes,1000 g
Olive Variante,258.5,Fruits et Légumes,1000 g
Olive Violet,209,Fruits et Légumes,1000 g
Olives Coupées,264,Fruits et Légumes,1000 g
Olives Denoyautees,264,Fruits et Légumes,1000 g
Olives Noires,203.5,Fruits et Légumes,1000 g
Orange Moyenne,97.5,Fruits et Légumes,1000 g
Pamplemousse,187.5,Fruits et Légumes,1000 g
Pastèque,70,Fruits et Légumes,1000 g
Petit Oignon,357.5,Fruits et Légumes,1000 g
Petit Piment,110,Fruits et Légumes,1000 g
Petit Pois,200,Fruits et Légumes,1000 g
Piment Rouge,160,Fruits et Légumes,1000 g
Piment Sucette,264,Fruits et Légumes,1000 g
Piment Vert,130,Fruits et Légumes,1000 g
Poire Moyenne,337.5,Fruits et Légumes,1000 g
Poire Rouge,675,Fruits et Légumes,1000 g
Poireaux,66,Fruits et Légumes,1000 g
Poivron Rouge,160,Fruits et Légumes,1000 g
Poivron Vert,135,Fruits et Légumes,1000 g
Pomme de Terre 1kg,75,Fruits et Légumes,1000 g
Pomme de Terre Douce 1kg,200,Fruits et Légumes,1000 g
Pomme Jaune Super,562.5,Fruits et Légumes,1000 g
Pomme Light Super,975,Fruits et Légumes,1000 g
Pomme Rouge Moyen,209,Fruits et Légumes,1000 g
Prune,247.5,Fruits et Légumes,1000 g
Radis,50,Fruits et Légumes,1000 g
Raisin Blanc,300,Fruits et Légumes,1000 g
Raisin Noir,300,Fruits et Légumes,1000 g
Raisin Rouge,500,Fruits et Légumes,1000 g
Salade 1kg,120,Fruits et Légumes,1000 g
Salade Frisée 1kg,150,Fruits et Légumes,1000 g
Thym,80,Fruits et Légumes,1000 g
Tomate,165,Fruits et Légumes,1000 g
Abricot Secs,907.5,Fruits Secs,1000 g
Amande,935,Fruits Secs,1000 g
Amandes Décortiquées Bio,1210,Fruits Secs,1000 g
Ananas Séchée,962.5,Fruits Secs,1000 g
Bananes Séchées,962.5,Fruits Secs,1000 g
Cacahuète,1200,Fruits Secs,1000 g
Cacahuètes Grillées Salées Avec Peau,1200,Fruits Secs,1000 g
Cacahuètes Nature Grillées Sans Peau,1200,Fruits Secs,1000 g
Cerises Séchées,962.5,Fruits Secs,1000 g
Cerneau de Noix AOP du Périgord Bio,1182.5,Fruits Secs,1000 g
Figues Secs,1200,Fruits Secs,1000 g
Fraises Séchées,962.5,Fruits Secs,1000 g
Glands,110,Fruits Secs,1000 g
Kiwi Séché,962.5,Fruits Secs,1000 g
Mangue Séché,962.5,Fruits Secs,1000 g
Marron,330,Fruits Secs,1000 g
Mélange Apéritif Bio,1200,Fruits Secs,1000 g
Mélange Etudiant Bio,1200,Fruits Secs,1000 g
Noisettes Décortiquées Bio,1210,Fruits Secs,1000 g
Noix de Cajou Bio,1200,Fruits Secs,1000 g
Noix de Pécan,275,Fruits Secs,1000 g
Pignons de Pin Bio,1200,Fruits Secs,1000 g
Pistache,1200,Fruits Secs,1000 g
Pruneau Séché,577.5,Fruits Secs,1000 g
Raisins Séché Blanc,550,Fruits Secs,1000 g
Raisins Séché Noir,715,Fruits Secs,1000 g
Farine Agrodiv 5kg,250,Semoulerie et Farine,5000 g
Farine de Blé GME 1kg,42,Semoulerie et Farine,1000 g
Farine de Mais Réginat 500 g,175,Semoulerie et Farine,500 g
Farine GMC 1kg,48,Semoulerie et Farine,1000 g
Farine LaBelle 1Kg,65,Semoulerie et Farine,1000 g
Farine Mama T150 1Kg,85,Semoulerie et Farine,1000 g
Farine Mama T150 5kg,375,Semoulerie et Farine,5000 g
Farine Mama T45 1kg,95,Semoulerie et Farine,1000 g
Farine Mama T55 10kg,440,Semoulerie et Farine,10000 g
Farine Safina 1kg,80,Semoulerie et Farine,1000 g
Farine Sim 1kg,90,Semoulerie et Farine,1000 g
Nounours Amidon De Mais 400g,120,Semoulerie et Farine,400 g
Semoule de Mais Réginat 800g,150,Semoulerie et Farine,800 g
Semoule Fine Mama 1kg,95,Semoulerie et Farine,1000 g
Semoule Fine Mama 2kg,235,Semoulerie et Farine,2000 g
Semoule Fine Mama 5Kg,390,Semoulerie et Farine,5000 g
Semoule Grosse Mama 1KG,100,Semoulerie et Farine,1000 g
Semoule Grosse Mama 2kg,170,Semoulerie et Farine,2000 g
Semoule Moyenne Mama 1kg,90,Semoulerie et Farine,1000 g
Semoule Moyenne Mama 2kg,235,Semoulerie et Farine,2000 g
Poulet,400,Viande,1000 g
Boeuf,3200,Viande,1000 g
Mouton,2500,Viande,1000 g
Agneau,2800,Viande,1000 g
Oeuf,15,Viande,50 g
Sardine,1000,Poisson,1000 g
Rouget,1500,Poisson,1000 g
Daurade,1700,Poisson,1000 g
Merlan,2200,Poisson,1000 g
